{"cameraMode":{"drawMode":0,"name":"Shaded","section":"Shading Mode"},"sceneLighting":true,"audioPlay":false,"sceneViewState":{"m_AlwaysRefresh":false,"showFog":true,"showSkybox":true,"showFlares":true,"showImageEffects":true,"showParticleSystems":true,"showVisualEffectGraphs":true,"m_FxEnabled":true},"in2DMode":false,"pivot":{"x":4.994156360626221,"y":-1.8325715065002442,"z":-4.405134677886963},"rotation":{"x":0.036931488662958148,"y":-0.7384956479072571,"z":0.04058177396655083,"w":0.6720094084739685},"size":7.787149429321289,"orthographic":true}